nome_aluno;titulo;ano;curso;instituicao;tipo_trabalho;orientador;url_origem;revisado;cadastrado
Dalton Solano dos Reis;Uma interface gráfica para o sistema cruzamento;1992;Ciência da Computação;Universidade Regional de Blumenau;Trabalho de conclusão de curso de graduação;Manuel Menezes de Oliveira Neto;https://bu.furb.br/consulta/portalConsulta/recuperaMfnCompleto.php?menu=rapida&CdMFN=89594;false;false
Dalton Solano dos Reis;GG3D, ambiente para geracao de graficos 3D;1995;;Universidade Regional de Blumenau;Trabalho de conclusão de curso de graduação;Anatolio Laschuk;https://bu.furb.br/consulta/portalConsulta/recuperaMfnCompleto.php?menu=rapida&CdMFN=82646;false;false
Dalton Solano dos Reis;Análise da geração de grades irregulares triangularizadas em modelos numéricos de terreno;1997;;Universidade Regional de Blumenau;Trabalho de conclusão de curso de graduação;Anatolio Laschuk;https://bu.furb.br/consulta/portalConsulta/recuperaMfnCompleto.php?menu=rapida&CdMFN=158464;false;false
Dorow, Anatoli,1975-2007.;Desenvolvimento de um sistema de análise meteorológica - SAM;1997;Ciências da Computação;Universidade Regional de Blumenau;Trabalho de conclusão de curso de graduação;Dalton Solano dos Reis;https://bu.furb.br/consulta/portalConsulta/recuperaMfnCompleto.php?menu=rapida&CdMFN=170762;false;false
Amarildo Ribeiro;Sistema de análise meteorológica :dinâmico - SAMD;1998;Ciências da Computação;Universidade Regional de Blumenau;Trabalho de conclusão de curso de graduação;Dalton Solano dos Reis;https://bu.furb.br/consulta/portalConsulta/recuperaMfnCompleto.php?menu=rapida&CdMFN=178369;false;true
Ann Margareth Shu;Protótipo de um ambiente de visualização e animação gráfico;1998;Ciências da Computação;Universidade Regional de Blumenau;Trabalho de conclusão de curso de graduação;Dalton Solano dos Reis;https://bu.furb.br/consulta/portalConsulta/recuperaMfnCompleto.php?menu=rapida&CdMFN=178341;false;false
Charles Rogerio Vasconcelos;Uma universidade virtual :FURB;1998;Ciências da Computação;Universidade Regional de Blumenau;Trabalho de conclusão de curso de graduação;Dalton Solano dos Reis;https://bu.furb.br/consulta/portalConsulta/recuperaMfnCompleto.php?menu=rapida&CdMFN=178340;false;true
Danilo Kramel;Desenvolvimento do Sistema de Cotas-Enchente de Blumenau (SCEB);1998;;Universidade Regional de Blumenau;Trabalho de conclusão de curso de graduação;Dalton Solano dos Reis;https://bu.furb.br/consulta/portalConsulta/recuperaMfnCompleto.php?menu=rapida&CdMFN=187012;false;false
Flavio Henrique Boehme;Aplicação para geração dinâmica de informações do sistema de alerta da Bacia do Rio Itajaí;1998;Ciências da Computação;Universidade Regional de Blumenau;Trabalho de conclusão de curso de graduação;Dalton Solano dos Reis;https://bu.furb.br/consulta/portalConsulta/recuperaMfnCompleto.php?menu=rapida&CdMFN=178609;false;true
Guido Blank;Especificação e implementação de um protótipo de filtro gráfico utilizando técnicas de antialiasing;1998;Ciências da Computação;Universidade Regional de Blumenau;Trabalho de conclusão de curso de graduação;Dalton Solano dos Reis;https://bu.furb.br/consulta/portalConsulta/recuperaMfnCompleto.php?menu=rapida&CdMFN=178350;false;false
Jean Davis Corbellini;Protótipo de software de aquisição de imagens através de visualização científica;1998;Ciências da Computação;Universidade Regional de Blumenau;Trabalho de conclusão de curso de graduação;Dalton Solano dos Reis;https://bu.furb.br/consulta/portalConsulta/recuperaMfnCompleto.php?menu=rapida&CdMFN=178356;false;false
Rui Fernando Wolff Junior;Especificação de um TAG HTML para arquivos gráficos METAFILE;1998;Ciências da Computação;Universidade Regional de Blumenau;Trabalho de conclusão de curso de graduação;Dalton Solano dos Reis;https://bu.furb.br/consulta/portalConsulta/recuperaMfnCompleto.php?menu=rapida&CdMFN=178370;false;false
Charles Amderson Prada;Protótipo de um gerenciador de informações dos sistemas elevatórios de água tratada;1999;Ciências da Computação;Universidade Regional de Blumenau;Trabalho de conclusão de curso de graduação;Dalton Solano dos Reis;https://bu.furb.br/consulta/portalConsulta/recuperaMfnCompleto.php?menu=rapida&CdMFN=186985;false;false
Flavio Andre;Protótipo de um sistema para visualização 3D usando imagens Raster 2D com conceitos de um ambiente de visualização científica;1999;Ciências da Computação;Universidade Regional de Blumenau;Trabalho de conclusão de curso de graduação;Dalton Solano dos Reis;https://bu.furb.br/consulta/portalConsulta/recuperaMfnCompleto.php?menu=rapida&CdMFN=186998;false;false
Jeverson Zoz;Estudo de metodos e algoritmos de Splines Bezier, Casteljau e B-Spline;1999;;Universidade Regional de Blumenau;Trabalho de conclusão de curso de graduação;Dalton Solano dos Reis;https://bu.furb.br/consulta/portalConsulta/recuperaMfnCompleto.php?menu=rapida&CdMFN=178379;false;false
José Carlos dos Santos;Prototipo de uma ferramenta baseada em sistemas de Lindenmayer para modelagem de estruturas fractais;1999;Ciências da Computação;Universidade Regional de Blumenau;Trabalho de conclusão de curso de graduação;Dalton Solano dos Reis;https://bu.furb.br/consulta/portalConsulta/recuperaMfnCompleto.php?menu=rapida&CdMFN=187005;false;true
Luciane Schwalbe;Protótipo de um software educacional para ensino de meteorologia;1999;Ciências da Computação;Universidade Regional de Blumenau;Trabalho de conclusão de curso de graduação;Dalton Solano dos Reis;https://bu.furb.br/consulta/portalConsulta/recuperaMfnCompleto.php?menu=rapida&CdMFN=179214;false;false
Sandro Alencar Fernandes;Protótipo de um software de mapeamento automático (AM) - gerência de facilidades (FM) para o atendimento de ocorrências da cidade de Rio do Sul;1999;;Universidade Regional de Blumenau;Trabalho de conclusão de curso de graduação;Dalton Solano dos Reis;https://bu.furb.br/consulta/portalConsulta/recuperaMfnCompleto.php?menu=rapida&CdMFN=186997;false;true
Adriana dos Santos;Protótipo de software para geração de animações por quadros-chaves utilizando a técnica de interpolação;2000;Ciências da Computação;Universidade Regional de Blumenau;Trabalho de conclusão de curso de graduação;Dalton Solano dos Reis;https://bu.furb.br/consulta/portalConsulta/recuperaMfnCompleto.php?menu=rapida&CdMFN=217243;false;true
Adriana Fornazari;Protótipo de um ambiente para tratamento de imagens raster 2D;2000;;Universidade Regional de Blumenau;Trabalho de conclusão de curso de graduação;Dalton Solano dos Reis;https://bu.furb.br/consulta/portalConsulta/recuperaMfnCompleto.php?menu=rapida&CdMFN=213801;false;true
Eduardo Comin;Protótipo de um software de apoio a construção de interfaces padrão windows;2000;Ciências da Computação;Universidade Regional de Blumenau;Trabalho de conclusão de curso de graduação;Dalton Solano dos Reis;https://bu.furb.br/consulta/portalConsulta/recuperaMfnCompleto.php?menu=rapida&CdMFN=212937;false;true
Evandro de Souza;Protótipo de um sistema AM-FM para o acompanhamento das cotas enchentes de Blumenau utilizando Internet;2000;Ciências da Computação;Universidade Regional de Blumenau;Trabalho de conclusão de curso de graduação;Dalton Solano dos Reis;https://bu.furb.br/consulta/portalConsulta/recuperaMfnCompleto.php?menu=rapida&CdMFN=212934;false;true
Fernanda Andrade Bordallo da Silva;Prototipo de um ambiente para geracao de superficies 3D com uso de Spline Bezier;2000;;Universidade Regional de Blumenau;Trabalho de conclusão de curso de graduação;Dalton Solano dos Reis;https://bu.furb.br/consulta/portalConsulta/recuperaMfnCompleto.php?menu=rapida&CdMFN=195268;false;true
Francisco Rego Beltrao;Prototipo de um ambiente 2D na area de entretenimento, utilizando recursos multimidia;2000;;Universidade Regional de Blumenau;Trabalho de conclusão de curso de graduação;Dalton Solano dos Reis;https://bu.furb.br/consulta/portalConsulta/recuperaMfnCompleto.php?menu=rapida&CdMFN=195270;false;false
Marlise Frotscher Milbratz;Protótipo para análise da percepção do movimento aparente em computação gráfica;2000;;Universidade Regional de Blumenau;Trabalho de conclusão de curso de graduação;Dalton Solano dos Reis;https://bu.furb.br/consulta/portalConsulta/recuperaMfnCompleto.php?menu=rapida&CdMFN=195133;false;true
Neli Migliolli;Prototipo de um software para geracao de imagens utilizando fractais;2000;;Universidade Regional de Blumenau;Trabalho de conclusão de curso de graduação;Dalton Solano dos Reis;https://bu.furb.br/consulta/portalConsulta/recuperaMfnCompleto.php?menu=rapida&CdMFN=195295;false;true
Tarcísio Luís Tamanini;Protótipo de uma ferramenta de geração de efeitos sonoros para instrumentos musicais;2000;Ciências da Computação;Universidade Regional de Blumenau;Trabalho de conclusão de curso de graduação;Dalton Solano dos Reis;https://bu.furb.br/consulta/portalConsulta/recuperaMfnCompleto.php?menu=rapida&CdMFN=217237;false;true
Cleverson Skodowski Guimarães;Sugestões de melhoria de interface no sistema :controle de curso pós médio;2001;;Universidade Regional de Blumenau;Trabalho de conclusão de curso de graduação;Dalton Solano Reis;https://bu.furb.br/consulta/portalConsulta/recuperaMfnCompleto.php?menu=rapida&CdMFN=225912;false;false
Ednilson José;Implementação de um ambiente para modelagem de objetos 3D com uso de sweeping;2001;Ciências da Computação;Universidade Regional de Blumenau;Trabalho de conclusão de curso de graduação;Dalton Solano dos Reis;https://bu.furb.br/consulta/portalConsulta/recuperaMfnCompleto.php?menu=rapida&CdMFN=218604;false;true
Edson Momm;Protótipo de um ambiente de visualização com técnicas de estereoscopia;2001;Ciências da Computação;Universidade Regional de Blumenau;Trabalho de conclusão de curso de graduação;Dalton Solano dos Reis;https://bu.furb.br/consulta/portalConsulta/recuperaMfnCompleto.php?menu=rapida&CdMFN=247783;false;true
Eduardo Kohler;Protótipo de software para análise da percepção de profundidade aparente em computação gráfica;2001;Ciências da Computação;Universidade Regional de Blumenau;Trabalho de conclusão de curso de graduação;Dalton Solano dos Reis;https://bu.furb.br/consulta/portalConsulta/recuperaMfnCompleto.php?menu=rapida&CdMFN=217693;false;true
Luciano Raitz;Estudo e avaliação de alguns métodos de triangularizações de pontos dispersos em uma superfície 3D;2001;Ciências da Computação;Universidade Regional de Blumenau;Trabalho de conclusão de curso de graduação;Dalton Solano dos Reis;https://bu.furb.br/consulta/portalConsulta/recuperaMfnCompleto.php?menu=rapida&CdMFN=218288;false;true
Tarcísio de Souza Neto;Protótipo para tratamento de imagens faciais raster 2D, para gerar a imagem 3D;2001;Ciências da Computação;Universidade Regional de Blumenau;Trabalho de conclusão de curso de graduação;Dalton Solano dos Reis;https://bu.furb.br/consulta/portalConsulta/recuperaMfnCompleto.php?menu=rapida&CdMFN=247727;false;true
Vandeir Eduardo;Protótipo de um ambiente virtual distribuído multiusuário;2001;Ciências da Computação;Universidade Regional de Blumenau;Trabalho de conclusão de curso de graduação;Dalton Solano dos Reis;https://bu.furb.br/consulta/portalConsulta/recuperaMfnCompleto.php?menu=rapida&CdMFN=217808;false;true
Antônio Carlos Fernandes;Protótipo de visualizador para modelos de cor para medições de objetos em espectrofotômetros por reflectância;2002;Ciências da Computação;Universidade Regional de Blumenau;Trabalho de conclusão de curso de graduação;Dalton Solano dos Reis;https://bu.furb.br/consulta/portalConsulta/recuperaMfnCompleto.php?menu=rapida&CdMFN=256999;false;true
Edison Weise;Protótipo de um mundo virtual distribuído utilizando DIS-JAVA-URML;2002;Ciências da Computação;Universidade Regional de Blumenau;Trabalho de conclusão de curso de graduação;Dalton Solano dos Reis;https://bu.furb.br/consulta/portalConsulta/recuperaMfnCompleto.php?menu=rapida&CdMFN=257118;false;false
Leonardo Willrich;Protótipo de um ambiente virtual distribuído multiusuário;2002;Ciências da Computação;Universidade Regional de Blumenau;Trabalho de conclusão de curso de graduação;Dalton Solano dos Reis;https://bu.furb.br/consulta/portalConsulta/recuperaMfnCompleto.php?menu=rapida&CdMFN=248981;false;true
Rodrigo Peter;Protótipo de um ambiente 3D para jogos, utilizando a engine crystal space com directx e linguagem C++;2002;Ciências da Computação;Universidade Regional de Blumenau;Trabalho de conclusão de curso de graduação;Dalton Solano dos Reis;https://bu.furb.br/consulta/portalConsulta/recuperaMfnCompleto.php?menu=rapida&CdMFN=257306;false;true
Sidnei Bunde;Protótipo de um software para visualização de informações espaciais utilizando banco de dados Oracle com interação pela Internet;2002;Ciências da Computação;Universidade Regional de Blumenau;Trabalho de conclusão de curso de graduação;Dalton Solano dos Reis;https://bu.furb.br/consulta/portalConsulta/recuperaMfnCompleto.php?menu=rapida&CdMFN=257315;false;true
Melissa de Souza;Adaptação em sistemas hipermídia através do uso de redes bayesianas :Portal da FURB;2007;Ciências da Computação;Universidade Regional de Blumenau;Trabalho de conclusão de curso de graduação;Dalton Solano dos Reis;https://bu.furb.br/consulta/portalConsulta/recuperaMfnCompleto.php?menu=rapida&CdMFN=329239;false;false
Charles Theiss;Ferramenta para desenvolvimento de padrões de imagem 2D e separação de cores;2008;Ciência da Computação;Universidade Regional de Blumenau;Trabalho de conclusão de curso de graduação;Dalton Solano dos Reis;https://bu.furb.br/consulta/portalConsulta/recuperaMfnCompleto.php?menu=rapida&CdMFN=330366;false;true
Daniel Theisges dos Santos;Sistema óptico para identificação de veículos em estradas Daniel Theisges dos Santos. - 2008. - 65 f. : il.;2008;Ciência da Computação;Universidade Regional de Blumenau;Trabalho de conclusão de curso de graduação;Dalton Solano dos Reis;https://bu.furb.br/consulta/portalConsulta/recuperaMfnCompleto.php?menu=rapida&CdMFN=335632;false;false
Germano Fronza;Simulador de um ambiente virtual distribuído multiusuário para batalhas de tanques 3D com inteligência baseada em agentes BDI;2008;Ciência da Computação;Universidade Regional de Blumenau;Trabalho de conclusão de curso de graduação;Dalton Solano dos Reis;https://bu.furb.br/consulta/portalConsulta/recuperaMfnCompleto.php?menu=rapida&CdMFN=330372;false;true
Karlyson Schubert Vargas;Implementação de deformação de malhas no humanóide V-art;2008;Ciência da Computação;Universidade Regional de Blumenau;Trabalho de conclusão de curso de graduação;Dalton Solano dos Reis;https://bu.furb.br/consulta/portalConsulta/recuperaMfnCompleto.php?menu=rapida&CdMFN=330415;false;true
Marco Aurélio de Oliveira Weiss;Android Mapbr : um estudo sobre a plataforma Android com foco na manipulação de mapas usando interfaces de programação de aplicativos do Google;2008;Ciência da Computação;Universidade Regional de Blumenau;Trabalho de conclusão de curso de graduação;Dalton Solano dos Reis;https://bu.furb.br/consulta/portalConsulta/recuperaMfnCompleto.php?menu=rapida&CdMFN=335662;false;false
Rafael Patricio;Aplicação web para gerenciamento dos processos e serviços prestados pelo laboratório de computação e informática;2008;Sistemas de Informação;Universidade Regional de Blumenau;Trabalho de conclusão de curso de graduação;Dalton Solano dos Reis;https://bu.furb.br/consulta/portalConsulta/recuperaMfnCompleto.php?menu=rapida&CdMFN=365080;false;true
Rodrigo Bambineti;Ferramenta de reconhecimento de gestos da mão;2008;Ciência da Computação;Universidade Regional de Blumenau;Trabalho de conclusão de curso de graduação;Dalton Solano dos Reis;https://bu.furb.br/consulta/portalConsulta/recuperaMfnCompleto.php?menu=rapida&CdMFN=335944;false;true
Thomas da Rosa;Simulador de animais vivos : meios alternativos;2008;Ciência da Computação;Universidade Regional de Blumenau;Trabalho de conclusão de curso de graduação;Dalton Solano dos Reis;https://bu.furb.br/consulta/portalConsulta/recuperaMfnCompleto.php?menu=rapida&CdMFN=335947;false;true
Diogo Carlassara;Visualização de imagens capturadas em um circuito fechado de televisão (CFTV) no Iphone;2009;Ciência da Computação;Universidade Regional de Blumenau;Trabalho de conclusão de curso de graduação;Dalton Solano dos Reis;https://bu.furb.br/consulta/portalConsulta/recuperaMfnCompleto.php?menu=rapida&CdMFN=341398;false;true
Elisângela Cristina Lombardi Klitzke;Protótipo de um sistema para acompanhamento de trabalhos de conclusão de curso;2009;Ciência da Computação;Universidade Regional de Blumenau;Trabalho de conclusão de curso de graduação;Dalton Solano dos Reis;https://bu.furb.br/consulta/portalConsulta/recuperaMfnCompleto.php?menu=rapida&CdMFN=341401;false;false
Izabel Cristina da Silva Carmo;Biblioteca de componentes de interface para o iPhone OS;2009;Ciência da Computação;Universidade Regional de Blumenau;Trabalho de conclusão de curso de graduação;Dalton Solano dos Reis;https://bu.furb.br/consulta/portalConsulta/recuperaMfnCompleto.php?menu=rapida&CdMFN=341407;false;true
Jonathan Damásio Medeiros;Ferramenta de detecção da região da placa de veículos;2009;Ciência da Computação;Universidade Regional de Blumenau;Trabalho de conclusão de curso de graduação;Dalton Solano dos Reis;https://bu.furb.br/consulta/portalConsulta/recuperaMfnCompleto.php?menu=rapida&CdMFN=338091;false;true
Pablo Sidney Corrêa;Desenvolvimento de uma ferramenta para comparação de desempenho entre rotinas implementadas em CPU e GPU;2009;Ciência da Computação;Universidade Regional de Blumenau;Trabalho de conclusão de curso de graduação;Dalton Solano dos Reis;https://bu.furb.br/consulta/portalConsulta/recuperaMfnCompleto.php?menu=rapida&CdMFN=338095;false;true
Rafael Dattinger;Ferramenta para detecção de fadiga em motoristas baseada no monitoramento dos olhos;2009;Ciência da Computação;Universidade Regional de Blumenau;Trabalho de conclusão de curso de graduação;Dalton Solano dos Reis;https://bu.furb.br/consulta/portalConsulta/recuperaMfnCompleto.php?menu=rapida&CdMFN=338098;false;false
André Luís Beling da Rosa;Sistema de tracking de objetos a partir de várias câmeras;2010;Ciência da Computação;Universidade Regional de Blumenau;Trabalho de conclusão de curso de graduação;Dalton Solano dos Reis;https://bu.furb.br/consulta/portalConsulta/recuperaMfnCompleto.php?menu=rapida&CdMFN=345987;false;true
David Tiago Conceição;Framework para gerenciamento e disponibilização de informações multimídia geolocalizadas na plataforma Android;2010;Ciência da Computação;Universidade Regional de Blumenau;Trabalho de conclusão de curso de graduação;Dalton Solano dos Reis;https://bu.furb.br/consulta/portalConsulta/recuperaMfnCompleto.php?menu=rapida&CdMFN=346026;false;true
Ederson José;Protótipo de um sistema de monitoração utilizando circuito fechado de televisão (CFTV);2010;Sistemas de Informação;Universidade Regional de Blumenau;Trabalho de conclusão de curso de graduação;Dalton Solano dos Reis;https://bu.furb.br/consulta/portalConsulta/recuperaMfnCompleto.php?menu=rapida&CdMFN=365041;false;true
Ernani Cristiano Siebert;Física de corpos rígidos para o motor de jogos M3GE na plataforma J2ME;2010;Ciência da Computação;Universidade Regional de Blumenau;Trabalho de conclusão de curso de graduação;Dalton Solano dos Reis;https://bu.furb.br/consulta/portalConsulta/recuperaMfnCompleto.php?menu=rapida&CdMFN=347314;false;false
Fernanda Sampara;Java - aplicação web para disponibilizar recursos do AVA no dispositivo móvel iPhone;2010;Ciência da Computação;Universidade Regional de Blumenau;Trabalho de conclusão de curso de graduação;Dalton Solano dos Reis;https://bu.furb.br/consulta/portalConsulta/recuperaMfnCompleto.php?menu=rapida&CdMFN=344013;false;false
Flaviano José Angeli;Protótipo de mundo virtual para relacionamento com participantes do interação FURB;2010;Sistemas de Informação;Universidade Regional de Blumenau;Trabalho de conclusão de curso de graduação;Dalton Solano dos Reis;https://bu.furb.br/consulta/portalConsulta/recuperaMfnCompleto.php?menu=rapida&CdMFN=364777;false;true
Gabriela Tinti Vasselai;Um estudo sobre realidade aumentada para a plataforma Android;2010;Ciência da Computação;Universidade Regional de Blumenau;Trabalho de conclusão de curso de graduação;Dalton Solano dos Reis;https://bu.furb.br/consulta/portalConsulta/recuperaMfnCompleto.php?menu=rapida&CdMFN=346536;false;true
Marwin Roepke;Visualizador de imagens radiológicas 2D para iPHONE;2010;Ciência da Computação;Universidade Regional de Blumenau;Trabalho de conclusão de curso de graduação;Dalton Solano dos Reis;https://bu.furb.br/consulta/portalConsulta/recuperaMfnCompleto.php?menu=rapida&CdMFN=345780;false;true
Victor Arndt Mueller;Simulação física de corpos rígidos em 3D;2010;Ciência da Computação;Universidade Regional de Blumenau;Trabalho de conclusão de curso de graduação;Dalton Solano dos Reis;https://bu.furb.br/consulta/portalConsulta/recuperaMfnCompleto.php?menu=rapida&CdMFN=346089;false;true
Christian Hess;API para transformação de imagem em cartum utilizando plataforma iOS;2011;Ciência da Computação;Universidade Regional de Blumenau;Trabalho de conclusão de curso de graduação;Dalton Solano dos Reis;https://bu.furb.br/consulta/portalConsulta/recuperaMfnCompleto.php?menu=rapida&CdMFN=348518;false;true
Denise Brandt;Distribuição otimizada de polígonos em um plano bidimensional;2011;Ciências da Computação;Universidade Regional de Blumenau;Trabalho de conclusão de curso de graduação;Dalton Solano dos Reis;https://bu.furb.br/consulta/portalConsulta/recuperaMfnCompleto.php?menu=rapida&CdMFN=347268;false;true
Fernando Klock;Framework de replicação de dados com criptografia simétrica utilizando push notification para Android;2011;Ciência da Computação;Universidade Regional de Blumenau;Trabalho de conclusão de curso de graduação;Dalton Solano dos Reis;https://bu.furb.br/consulta/portalConsulta/recuperaMfnCompleto.php?menu=rapida&CdMFN=348551;false;true
Jonathan Hess;Explorando modelos virtuais 3D com realidade aumentada no SDK do iPhone;2011;Ciência da Computação;Universidade Regional de Blumenau;Trabalho de conclusão de curso de graduação;Dalton Solano dos Reis;https://bu.furb.br/consulta/portalConsulta/recuperaMfnCompleto.php?menu=rapida&CdMFN=348549;false;false
Marcelo Roberto Ferrari;Biblioteca para explorar algoritmos de planejamento de movimento utilizando campos potenciais no SDK do iOS 4;2011;Ciências da Computação;Universidade Regional de Blumenau;Trabalho de conclusão de curso de graduação;Dalton Solano dos Reis;https://bu.furb.br/consulta/portalConsulta/recuperaMfnCompleto.php?menu=rapida&CdMFN=347313;false;true
Paulo Cesar Meurer;Biblioteca de realidade aumentada para a plataforma IOS;2011;Ciência da Computação;Universidade Regional de Blumenau;Trabalho de conclusão de curso de graduação;Dalton Solano dos Reis;https://bu.furb.br/consulta/portalConsulta/recuperaMfnCompleto.php?menu=rapida&CdMFN=348535;false;false
Ronaldo Rampelotti;Ferramenta android baseada em realidade aumentada e serviços baseados em localização usando notificações;2011;Ciência da Computação;Universidade Regional de Blumenau;Trabalho de conclusão de curso de graduação;Dalton Solano dos Reis;https://bu.furb.br/consulta/portalConsulta/recuperaMfnCompleto.php?menu=rapida&CdMFN=347316;false;true
Alan Filipe Cardozo Fabeni;Tagarela : aplicativo para comunicação alternativa no iOS;2012;Ciências da Computação;Universidade Regional de Blumenau;Trabalho de conclusão de curso de graduação;Dalton Solano dos Reis;https://bu.furb.br/consulta/portalConsulta/recuperaMfnCompleto.php?menu=rapida&CdMFN=352349;false;true
Ana Paula Pandini;Biblioteca de algoritmo de portais para a plataforma Android;2012;Ciência da Computação;Universidade Regional de Blumenau;Trabalho de conclusão de curso de graduação;Dalton Solano dos Reis;https://bu.furb.br/consulta/portalConsulta/recuperaMfnCompleto.php?menu=rapida&CdMFN=350293;false;false
André William Prade Hildinger;Um motor de personagens articulados 3D para Android;2012;Ciência da Computação;Universidade Regional de Blumenau;Trabalho de conclusão de curso de graduação;Dalton Solano dos Reis;https://bu.furb.br/consulta/portalConsulta/recuperaMfnCompleto.php?menu=rapida&CdMFN=350299;false;true
Carlos Eduardo de Souza;Desenvolvimento de aplicativo móvel multiplataforma integrado ao sistema de alerta de cheias da bacia do Itajaí;2012;Ciência da Computação;Universidade Regional de Blumenau;Trabalho de conclusão de curso de graduação;Dalton Solano dos Reis;https://bu.furb.br/consulta/portalConsulta/recuperaMfnCompleto.php?menu=rapida&CdMFN=352360;false;true
Cesar Augusto Kuehl;Protótipo de sistema móvel na plataforma Android para compartilhamento de arquivos e mensagens entre dispositivos baseado em proximidade geográfica;2012;Ciência da Computação;Universidade Regional de Blumenau;Trabalho de conclusão de curso de graduação;Dalton Solano dos Reis;https://bu.furb.br/consulta/portalConsulta/recuperaMfnCompleto.php?menu=rapida&CdMFN=350318;false;false
Daniel Pereira;Desenvolvimento de um motor de jogos 3D, utilizando WebGL;2012;Ciências da Computação;Universidade Regional de Blumenau;Trabalho de conclusão de curso de graduação;Dalton Solano dos Reis;https://bu.furb.br/consulta/portalConsulta/recuperaMfnCompleto.php?menu=rapida&CdMFN=352365;false;true
Elizandro José Schramm;Adubogl ES 2.0 : aplicação didática usando a biblioteca OpenGL ES 2.0 no iOS;2012;Ciências da Computação;Universidade Regional de Blumenau;Trabalho de conclusão de curso de graduação;Dalton Solano dos Reis;https://bu.furb.br/consulta/portalConsulta/recuperaMfnCompleto.php?menu=rapida&CdMFN=350319;false;false
Heitor Augusto Schmitt;MJ3I-PA : ambiente virtual 3D para visualização de braços articulados no iOS;2012;Ciências da Computação;Universidade Regional de Blumenau;Trabalho de conclusão de curso de graduação;Dalton Solano dos Reis;https://bu.furb.br/consulta/portalConsulta/recuperaMfnCompleto.php?menu=rapida&CdMFN=352379;false;false
Jorge Luis Iten Júnior;Visualizador de imagens 360 graus interativas na plataforma Android;2012;Ciência da Computação;Universidade Regional de Blumenau;Trabalho de conclusão de curso de graduação;Dalton Solano dos Reis;https://bu.furb.br/consulta/portalConsulta/recuperaMfnCompleto.php?menu=rapida&CdMFN=350341;false;false
Kelly Cristina Boeck;Aplicação web para consulta de itinerários de transporte público com visualização no Google Maps;2012;Ciências da Computação;Universidade Regional de Blumenau;Trabalho de conclusão de curso de graduação;Dalton Solano dos Reis;https://bu.furb.br/consulta/portalConsulta/recuperaMfnCompleto.php?menu=rapida&CdMFN=350378;false;true
Luciana Pereira de Araújo;Adubogl : aplicação didática usando a biblioteca OpenGL;2012;Ciências da Computação;Universidade Regional de Blumenau;Trabalho de conclusão de curso de graduação;Dalton Solano dos Reis;https://bu.furb.br/consulta/portalConsulta/recuperaMfnCompleto.php?menu=rapida&CdMFN=350348;false;false
Maicon Mueller;Editor gráfico para sequenciamento e navegação usando Redes de Petri;2012;Ciências da Computação;Universidade Regional de Blumenau;Trabalho de conclusão de curso de graduação;Dalton Solano dos Reis;https://bu.furb.br/consulta/portalConsulta/recuperaMfnCompleto.php?menu=rapida&CdMFN=352387;false;false
Marco Aurélio Caramori;Protótipo de software para leitura labial;2012;Ciência da Computação;Universidade Regional de Blumenau;Trabalho de conclusão de curso de graduação;Dalton Solano dos Reis;https://bu.furb.br/consulta/portalConsulta/recuperaMfnCompleto.php?menu=rapida&CdMFN=352399;false;true
Matheus Luan Krueger;Protótipo de software para autenticação biométrica baseada na estrutura da íris em dispositivos móveis;2012;Ciências da Computação;Universidade Regional de Blumenau;Trabalho de conclusão de curso de graduação;Dalton Solano dos Reis;https://bu.furb.br/consulta/portalConsulta/recuperaMfnCompleto.php?menu=rapida&CdMFN=350358;false;true
Silvio Fragnani da Silva;Protótipo de uma ferramenta gráfica para criação de simulações na área da física em dispositivos móveis;2012;Ciências da Computação;Universidade Regional de Blumenau;Trabalho de conclusão de curso de graduação;Dalton Solano dos Reis;https://bu.furb.br/consulta/portalConsulta/recuperaMfnCompleto.php?menu=rapida&CdMFN=352397;false;true
Wagner Lino;Ferramenta de apoio ao professor para o controle de disciplinas utilizando dispositivo móvel;2012;Ciências da Computação;Universidade Regional de Blumenau;Trabalho de conclusão de curso de graduação;Dalton Solano dos Reis;https://bu.furb.br/consulta/portalConsulta/recuperaMfnCompleto.php?menu=rapida&CdMFN=350377;false;true
Állan Milbratz de Camargo;IAR 2.0 : API otimizada para aplicações de entretenimento em realidade aumentada na plataforma iOS;2013;Ciência da Computação;Universidade Regional de Blumenau;Trabalho de conclusão de curso de graduação;Dalton Solano dos Reis;https://bu.furb.br/consulta/portalConsulta/recuperaMfnCompleto.php?menu=rapida&CdMFN=353653;false;true
Felipe Augusto Imianowsky;Reconstrutor de modelos 3D utilizando técnica de nível de detalhamento no iOS;2013;Ciência da Computação;Universidade Regional de Blumenau;Trabalho de conclusão de curso de graduação;Dalton Solano dos Reis;https://bu.furb.br/consulta/portalConsulta/recuperaMfnCompleto.php?menu=rapida&CdMFN=353646;false;false
Jonatas Daniel Hermann;Protótipo de um visualizador volumétrico de imagens DICOM na plataforma Android;2013;Ciência da Computação;Universidade Regional de Blumenau;Trabalho de conclusão de curso de graduação;Dalton Solano dos Reis;https://bu.furb.br/consulta/portalConsulta/recuperaMfnCompleto.php?menu=rapida&CdMFN=356192;false;true
José Ricardo Krauss;Visedu-mat : visualizador de material educacional, módulo de matemática;2013;Ciência da Computação;Universidade Regional de Blumenau;Trabalho de conclusão de curso de graduação;Dalton Solano dos Reis;https://bu.furb.br/consulta/portalConsulta/recuperaMfnCompleto.php?menu=rapida&CdMFN=356126;false;true
Marcelo da Mata Oliveira;Visualização volumétrica de imagens DICOM para iOS;2013;Ciência da Computação;Universidade Regional de Blumenau;Trabalho de conclusão de curso de graduação;Dalton Solano dos Reis;https://bu.furb.br/consulta/portalConsulta/recuperaMfnCompleto.php?menu=rapida&CdMFN=353649;false;false
Marcos Harbs;Motor para jogos 2D utilizando HTML5;2013;Ciência da Computação;Universidade Regional de Blumenau;Trabalho de conclusão de curso de graduação;Dalton Solano dos Reis;https://bu.furb.br/consulta/portalConsulta/recuperaMfnCompleto.php?menu=rapida&CdMFN=355100;false;true
Mateus Junior Cassaniga;MJ3D-Portais : biblioteca de algoritmos de portais 2D utilizando cenários em 3D para a plataforma iOS;2013;Ciência da Computação;Universidade Regional de Blumenau;Trabalho de conclusão de curso de graduação;Dalton Solano dos Reis;https://bu.furb.br/consulta/portalConsulta/recuperaMfnCompleto.php?menu=rapida&CdMFN=353423;false;false
Wagner Jean Reetz;Jogo de letras;2013;Ciência da Computação;Universidade Regional de Blumenau;Trabalho de conclusão de curso de graduação;Dalton Solano dos Reis;https://bu.furb.br/consulta/portalConsulta/recuperaMfnCompleto.php?menu=rapida&CdMFN=356138;false;false
Darlan Diego de Marco;Tagarela : aplicativo de comunicação alternativa na plataforma Android;2014;Ciência da Computação;Universidade Regional de Blumenau;Trabalho de conclusão de curso de graduação;Dalton Solano dos Reis;https://bu.furb.br/consulta/portalConsulta/recuperaMfnCompleto.php?menu=rapida&CdMFN=362881;false;true
Elvis Merten Marques;Tagarela : framework de comunicação alternativa, módulo de jogos;2014;Ciência da Computação;Universidade Regional de Blumenau;Trabalho de conclusão de curso de graduação;Dalton Solano dos Reis;https://bu.furb.br/consulta/portalConsulta/recuperaMfnCompleto.php?menu=rapida&CdMFN=362903;false;false
Gustavo Rufino Feltrin;VisEdu-Simula 1.0 : visualizador de material educacional, módulo de animação comportamental;2014;Ciência da Computação;Universidade Regional de Blumenau;Trabalho de conclusão de curso de graduação;Dalton Solano dos Reis;https://bu.furb.br/consulta/portalConsulta/recuperaMfnCompleto.php?menu=rapida&CdMFN=362907;false;true
James Perkison Montibeler;VisEdu-CG : aplicação didática para visualizar material educacional, módulo de computação gráfica;2014;Ciência da Computação;Universidade Regional de Blumenau;Trabalho de conclusão de curso de graduação;Dalton Solano dos Reis;https://bu.furb.br/consulta/portalConsulta/recuperaMfnCompleto.php?menu=rapida&CdMFN=362884;false;true
Kestring, Bruno André, 1989;Sistema móvel na plataforma Android para compartilhamento de geolocalização usando mapas e notificações da Google;2014;Ciência da Computação;Universidade Regional de Blumenau;Trabalho de conclusão de curso de graduação;Dalton Solano dos Reis;https://bu.furb.br/consulta/portalConsulta/recuperaMfnCompleto.php?menu=rapida&CdMFN=362901;false;false
Osvaldo Bay Machado;VisEdu-Mat 2.0 : visualizador de material educacional - módulo de matemática;2014;Ciência da Computação;Universidade Regional de Blumenau;Trabalho de conclusão de curso de graduação;Dalton Solano dos Reis;https://bu.furb.br/consulta/portalConsulta/recuperaMfnCompleto.php?menu=rapida&CdMFN=362911;false;true
Samuel Anderson Nunes;VisEdu-CG 3.0 : aplicação didática para visualizar material educacional - módulo de computação gráfica;2014;Ciência da Computação;Universidade Regional de Blumenau;Trabalho de conclusão de curso de graduação;Dalton Solano dos Reis;https://bu.furb.br/consulta/portalConsulta/recuperaMfnCompleto.php?menu=rapida&CdMFN=362897;false;true
André Filipe Wippel;Tagarela : integração e melhorias no aplicativo de rede de comunicação alternativa;2015;Ciência da Computação;Universidade Regional de Blumenau;Trabalho de conclusão de curso de graduação;Dalton Solano dos Reis;https://bu.furb.br/consulta/portalConsulta/recuperaMfnCompleto.php?menu=rapida&CdMFN=363758;false;true
Arthur Henrique Eggert;VisEdu-química : visualizador de material educacional, módulo de química;2015;Ciência da Computação;Universidade Regional de Blumenau;Trabalho de conclusão de curso de graduação;Dalton Solano dos Reis;https://bu.furb.br/consulta/portalConsulta/recuperaMfnCompleto.php?menu=rapida&CdMFN=363761;false;true
Diego Andre Lira;Biblioteca para desenvolvimento de jogos multijogadores de realidade aumentada para Android;2015;Ciência da Computação;Universidade Regional de Blumenau;Trabalho de conclusão de curso de graduação;Dalton Solano dos Reis;https://bu.furb.br/consulta/portalConsulta/recuperaMfnCompleto.php?menu=rapida&CdMFN=363791;false;true
Gabriel Felipe Borges de Campos;Sistema móvel na plataforma Phonegap para compartilhamento de geolocalização integrado a rede social;2015;Ciência da Computação;Universidade Regional de Blumenau;Trabalho de conclusão de curso de graduação;Dalton Solano dos Reis;https://bu.furb.br/consulta/portalConsulta/recuperaMfnCompleto.php?menu=rapida&CdMFN=363764;false;true
Gilson Rodrigues Maciel;Motor de jogos 2D de encaixe de imagens na plataforma Android;2015;Ciência da Computação;Universidade Regional de Blumenau;Trabalho de conclusão de curso de graduação;Dalton Solano dos Reis;https://bu.furb.br/consulta/portalConsulta/recuperaMfnCompleto.php?menu=rapida&CdMFN=363798;false;true
José Guilherme Vanz;VisEdu-drone : módulo de integração com Robot Operating System;2015;Ciência da Computação;Universidade Regional de Blumenau;Trabalho de conclusão de curso de graduação;Dalton Solano dos Reis;https://bu.furb.br/consulta/portalConsulta/recuperaMfnCompleto.php?menu=rapida&CdMFN=363803;false;true
Júlio César dos Santos;Visedu : aplicativo de realidade aumentada usando objetos interativos;2015;Ciência da Computação;Universidade Regional de Blumenau;Trabalho de conclusão de curso de graduação;Dalton Solano Dos Reis;https://bu.furb.br/consulta/portalConsulta/recuperaMfnCompleto.php?menu=rapida&CdMFN=363770;false;true
Kevin Eduard Piske;Visedu - aquário virtual : simulador de ecossistema utilizando animação comportamental;2015;Ciência da Computação;Universidade Regional de Blumenau;Trabalho de conclusão de curso de graduação;Dalton Solano Dos Reis;https://bu.furb.br/consulta/portalConsulta/recuperaMfnCompleto.php?menu=rapida&CdMFN=363772;false;true
Marcus Vinícius Pitz;Mapa virtual 3D da FURB na plataforma Android;2015;Ciência da Computação;Universidade Regional de Blumenau;Trabalho de conclusão de curso de graduação;Dalton Solano dos Reis;https://bu.furb.br/consulta/portalConsulta/recuperaMfnCompleto.php?menu=rapida&CdMFN=363808;false;true
Thiago Henrique Teixeira;Hefesto : framework para simulações utilizando um motor de física em 3D;2015;Ciência da Computação;Universidade Regional de Blumenau;Trabalho de conclusão de curso de graduação;Dalton Solano dos Reis;https://bu.furb.br/consulta/portalConsulta/recuperaMfnCompleto.php?menu=rapida&CdMFN=363812;false;true
William Fernandes Koehler;VisEdu-CG 4.0 : visualizador de material educacional;2015;Ciência da Computação;Universidade Regional de Blumenau;Trabalho de conclusão de curso de graduação;Dalton Solano dos Reis;https://bu.furb.br/consulta/portalConsulta/recuperaMfnCompleto.php?menu=rapida&CdMFN=363816;false;true
André Felipe Ferreira;Tagarela : módulo jogo de letras e números;2016;Ciência da Computação;Universidade Regional de Blumenau;Trabalho de conclusão de curso de graduação;Dalton Solano dos Reis;https://bu.furb.br/consulta/portalConsulta/recuperaMfnCompleto.php?menu=rapida&CdMFN=363702;false;false
Antônio Marco da Silva;VisEdu : interface de usuário tangível utilizando realidade aumentada e Unity;2016;Ciência da Computação;Universidade Regional de Blumenau;Trabalho de conclusão de curso de graduação;Dalton Solano dos Reis;https://bu.furb.br/consulta/portalConsulta/recuperaMfnCompleto.php?menu=rapida&CdMFN=362288;false;true
Kevin Eduardo do Nascimento;Visedu : editor multiplataforma de jogos de encaixe;2016;Ciência da Computação;Universidade Regional de Blumenau;Trabalho de conclusão de curso de graduação;Dalton Solano dos Reis;https://bu.furb.br/consulta/portalConsulta/recuperaMfnCompleto.php?menu=rapida&CdMFN=363714;false;false
Lucas Cazagranda;Aprendendo o Braille : o ensino do sistema Braille com o uso do Tagarela;2016;Ciência da Computação;Universidade Regional de Blumenau;Trabalho de conclusão de curso de graduação;Dalton Solano dos Reis;https://bu.furb.br/consulta/portalConsulta/recuperaMfnCompleto.php?menu=rapida&CdMFN=362338;false;false
Marcus Otávio Rocha;FURB-Mobile : sistema móvel multiplataforma para navegação em rotas internas;2016;Ciência da Computação;Universidade Regional de Blumenau;Trabalho de conclusão de curso de graduação;Dalton Solano dos Reis;https://bu.furb.br/consulta/portalConsulta/recuperaMfnCompleto.php?menu=rapida&CdMFN=362341;false;true
Rafael Adão;FURB Mobile gincanas : sistema móvel na plataforma Phonegap para gincanas virtuais;2016;Ciência da Computação;Universidade Regional de Blumenau;Trabalho de conclusão de curso de graduação;Dalton Solano dos Reis;https://bu.furb.br/consulta/portalConsulta/recuperaMfnCompleto.php?menu=rapida&CdMFN=362345;false;true
Vivian de Lima Panzenhagen;Visedu : jogo de realidade aumentada de letras com conteúdo dinâmico;2016;Ciência da Computação;Universidade Regional de Blumenau;Trabalho de conclusão de curso de graduação;Dalton Solano Dos Reis;https://bu.furb.br/consulta/portalConsulta/recuperaMfnCompleto.php?menu=rapida&CdMFN=362350;false;false
Bruno Adriel Roeder;Adaptação do portal Inversos às diretrizes de acessibilidade WCAG 2.0;2017;Sistemas de Informação;Universidade Regional de Blumenau;Trabalho de conclusão de curso de graduação;Dalton Solano dos Reis;https://bu.furb.br/consulta/portalConsulta/recuperaMfnCompleto.php?menu=rapida&CdMFN=363619;false;false
Daniel Streck;Renderizador 3D para aplicações gráficas utilizando Vulkan;2017;Ciência da Computação;Universidade Regional de Blumenau;Trabalho de conclusão de curso de graduação;Dalton Solano dos Reis;https://bu.furb.br/consulta/portalConsulta/recuperaMfnCompleto.php?menu=rapida&CdMFN=364216;false;false
Evandro Matheus Schmitz;Desenvolvimento de uma ferramenta para auxiliar no ensino do sistema solar utilizando realidade aumentada;2017;Ciência da Computação;Universidade Regional de Blumenau;Trabalho de conclusão de curso de graduação;Dalton Solano dos Reis;https://bu.furb.br/consulta/portalConsulta/recuperaMfnCompleto.php?menu=rapida&CdMFN=363664;false;false
Felipe Loose Corso;Easyedu : editor web para jogos multitoque;2017;Ciência da Computação;Universidade Regional de Blumenau;Trabalho de conclusão de curso de graduação;Dalton Solano dos Reis;https://bu.furb.br/consulta/portalConsulta/recuperaMfnCompleto.php?menu=rapida&CdMFN=363668;false;false
Guilherme Diegoli Neto;Simulação de dinâmica do relevo através da transformação de mapas de altura;2017;Ciência da Computação;Universidade Regional de Blumenau;Trabalho de conclusão de curso de graduação;Dalton Solano dos Reis;https://bu.furb.br/consulta/portalConsulta/recuperaMfnCompleto.php?menu=rapida&CdMFN=363673;false;false
Guilherme Murilo da Rosa;Egg evaluation : ovoscopia via smartphone;2017;Ciência da Computação;Universidade Regional de Blumenau;Trabalho de conclusão de curso de graduação;Dalton Solano dos Reis;https://bu.furb.br/consulta/portalConsulta/recuperaMfnCompleto.php?menu=rapida&CdMFN=364225;false;false
Kevin Stortz;Biblioteca para reconstrução de relevos;2017;Ciência da Computação;Universidade Regional de Blumenau;Trabalho de conclusão de curso de graduação;Dalton Solano dos Reis;https://bu.furb.br/consulta/portalConsulta/recuperaMfnCompleto.php?menu=rapida&CdMFN=364229;false;false
Marcos Douglas Hoppe;Edibox : editor de jogos multiplataforma;2017;Ciência da Computação;Universidade Regional de Blumenau;Trabalho de conclusão de curso de graduação;Dalton Solano dos Reis;https://bu.furb.br/consulta/portalConsulta/recuperaMfnCompleto.php?menu=rapida&CdMFN=364238;false;false
Rodrigo Heinzle;Cogncook : aplicativo para reconhecimento de imagens de alimentos e sugestão de receitas culinárias utilizando ingredientes disponíveis;2017;Ciência da Computação;Universidade Regional de Blumenau;Trabalho de conclusão de curso de graduação;Dalton Solano dos Reis;https://bu.furb.br/consulta/portalConsulta/recuperaMfnCompleto.php?menu=rapida&CdMFN=364240;false;false
Ronan Guimarães Kraemer;Tecnologia assistiva : tornando jogo de mesa acessível para cegos com auxílio de aplicativo móvel de reconhecimento de imagem;2017;Ciência da Computação;Universidade Regional de Blumenau;Trabalho de conclusão de curso de graduação;Dalton Solano dos Reis;https://bu.furb.br/consulta/portalConsulta/recuperaMfnCompleto.php?menu=rapida&CdMFN=363688;false;false
Sérgio Luiz Tomio Júnior;Simulação de física client-side aplicada a simulação de projéteis;2017;Ciência da Computação;Universidade Regional de Blumenau;Trabalho de conclusão de curso de graduação;Dalton Solano dos Reis;https://bu.furb.br/consulta/portalConsulta/recuperaMfnCompleto.php?menu=rapida&CdMFN=363689;false;false
Djonathan Rafael Krause;Sistemas de localização : explorando a IPS - beacons;2018;Ciência da Computação;Universidade Regional de Blumenau;Trabalho de conclusão de curso de graduação;Dalton Solano dos Reis;https://bu.furb.br/consulta/portalConsulta/recuperaMfnCompleto.php?menu=rapida&CdMFN=365520;false;false
Gabriel Zanluca;TowelJS : engine 3D em javascript usando arquitetura baseada em componentes;2018;Ciência da Computação;Universidade Regional de Blumenau;Trabalho de conclusão de curso de graduação;Dalton Solano dos Reis;https://bu.furb.br/consulta/portalConsulta/recuperaMfnCompleto.php?menu=rapida&CdMFN=365274;false;false
João Paulo Serodio Gonçalves;Um protótipo e estudo sobre o desenvolvimento de um quadricóptero;2018;Ciência da Computação;Universidade Regional de Blumenau;Trabalho de conclusão de curso de graduação;Dalton Solano dos Reis;https://bu.furb.br/consulta/portalConsulta/recuperaMfnCompleto.php?menu=rapida&CdMFN=365536;false;false
Leonardo Leal Oliveira;Ferramenta de indexação de faces humanas em vídeos;2018;Ciência da Computação;Universidade Regional de Blumenau;Trabalho de conclusão de curso de graduação;Dalton Solano dos Reis;https://bu.furb.br/consulta/portalConsulta/recuperaMfnCompleto.php?menu=rapida&CdMFN=365282;false;false
Luan Ribeiro da Silva;Librar : conceitos básicos de libras usando realidade aumentada e realidade virtual;2018;Ciência da Computação;Universidade Regional de Blumenau;Trabalho de conclusão de curso de graduação;Dalton Solano dos Reis;https://bu.furb.br/consulta/portalConsulta/recuperaMfnCompleto.php?menu=rapida&CdMFN=365283;false;false
Lucas Eduardo Schlögl;Biblioteca para deteção de relevos baseada em luz estruturada e padrão de projeção binário;2018;Ciência da Computação;Universidade Regional de Blumenau;Trabalho de conclusão de curso de graduação;Dalton Solano dos Reis;https://bu.furb.br/consulta/portalConsulta/recuperaMfnCompleto.php?menu=rapida&CdMFN=366679;false;false
Luccas de Souza Silva;Mindseye : protótipo de sistema para monitoramento de estímulos cerebrais;2018;Ciência da Computação;Universidade Regional de Blumenau;Trabalho de conclusão de curso de graduação;Dalton Solano dos Reis;https://bu.furb.br/consulta/portalConsulta/recuperaMfnCompleto.php?menu=rapida&CdMFN=365284;false;false
Ricardo Filipe Reiter;Animar : desenvolvimento de uma ferramenta para criação de animações com realidade aumentada e interface tangível;2018;Ciência da Computação;Universidade Regional de Blumenau;Trabalho de conclusão de curso de graduação;Dalton Solano dos Reis;https://bu.furb.br/consulta/portalConsulta/recuperaMfnCompleto.php?menu=rapida&CdMFN=365298;false;false
Roberto Weege Junior;Tagarela : módulo de composição musical para musicoterapia;2018;Ciência da Computação;Universidade Regional de Blumenau;Trabalho de conclusão de curso de graduação;Dalton Solano dos Reis;https://bu.furb.br/consulta/portalConsulta/recuperaMfnCompleto.php?menu=rapida&CdMFN=365554;false;false
Rodrigo Orthmann Nielson;Fwiotfurb : um framework para desenvolvimento de aplicações IOT;2018;Ciência da Computação;Universidade Regional de Blumenau;Trabalho de conclusão de curso de graduação;Dalton Solano dos Reis;https://bu.furb.br/consulta/portalConsulta/recuperaMfnCompleto.php?menu=rapida&CdMFN=365300;false;false
Silvio Greuel;Aplicação para controle de fluxo e mensageria entre dispositivos IOT;2018;Ciência da Computação;Universidade Regional de Blumenau;Trabalho de conclusão de curso de graduação;Dalton Solano dos Reis;https://bu.furb.br/consulta/portalConsulta/recuperaMfnCompleto.php?menu=rapida&CdMFN=365556;false;false
Thiago Alberto Buzzi;Transitar : jogo de conscientização sobre trânsito;2018;Ciência da Computação;Universidade Regional de Blumenau;Trabalho de conclusão de curso de graduação;Dalton Solano dos Reis;https://bu.furb.br/consulta/portalConsulta/recuperaMfnCompleto.php?menu=rapida&CdMFN=365560;false;false
Thiago Getnerski;Sistema para medição de cores utilizando o espectrofotômetro : indústria gráfica;2018;Ciência da Computação;Universidade Regional de Blumenau;Trabalho de conclusão de curso de graduação;Dalton Solano dos Reis;https://bu.furb.br/consulta/portalConsulta/recuperaMfnCompleto.php?menu=rapida&CdMFN=365301;false;false
Bruno Fischer Ferreira Santos;Editor de cenários simulados em 3D;2019;Ciência da Computação;Universidade Regional de Blumenau;Trabalho de conclusão de curso de graduação;Dalton Solano dos Reis;https://bu.furb.br/consulta/portalConsulta/recuperaMfnCompleto.php?menu=rapida&CdMFN=366783;false;false
Flávio Omar Losada;Aquário virtual : simulador de ecossistema utilizando interface de usuário tangível;2019;Ciência da Computação;Universidade Regional de Blumenau;Trabalho de conclusão de curso de graduação;Dalton Solano dos Reis;https://bu.furb.br/consulta/portalConsulta/recuperaMfnCompleto.php?menu=rapida&CdMFN=366784;false;false
Gabriela Bonifacio de Sena;Aplicativo Android de caderno ortográfico utilizando reconhecimento de escrita;2019;Sistemas de Informação;Universidade Regional de Blumenau;Trabalho de conclusão de curso de graduação;Dalton Solano dos Reis;https://bu.furb.br/consulta/portalConsulta/recuperaMfnCompleto.php?menu=rapida&CdMFN=366778;false;false
Jader Antonio Tomelin;Touch Braille : equipamento acessível;2019;Ciência da Computação;Universidade Regional de Blumenau;Trabalho de conclusão de curso de graduação;Dalton Solano dos Reis;https://bu.furb.br/consulta/portalConsulta/recuperaMfnCompleto.php?menu=rapida&CdMFN=366786;false;false
Leonardo Rezende;DrTrack : monitoramento da agressividade de motoristas através de dispositivo Android;2019;Sistemas de Informação;Universidade Regional de Blumenau;Trabalho de conclusão de curso de graduação;Dalton Solano dos Reis;https://bu.furb.br/consulta/portalConsulta/recuperaMfnCompleto.php?menu=rapida&CdMFN=367336;false;false
Maicon Santos da Silva;Projeto ARL : uma biblioteca para compartilhamento de objetos utilizando realidade aumentada;2019;Ciência da Computação;Universidade Regional de Blumenau;Trabalho de conclusão de curso de graduação;Dalton Solano dos Reis;https://bu.furb.br/consulta/portalConsulta/recuperaMfnCompleto.php?menu=rapida&CdMFN=367325;false;false
Matheus Adriano Pereira;Librar : auxílio para treinamento de Libras;2019;Ciência da Computação;Universidade Regional de Blumenau;Trabalho de conclusão de curso de graduação;Dalton Solano dos Reis;https://bu.furb.br/consulta/portalConsulta/recuperaMfnCompleto.php?menu=rapida&CdMFN=367326;false;false
Matheus Navarro Nienow;CidadaniaAR : jogo de puzzle utilizando realidade aumentada com ilusão de ótica;2019;Ciência da Computação;Universidade Regional de Blumenau;Trabalho de conclusão de curso de graduação;Dalton Solano dos Reis;https://bu.furb.br/consulta/portalConsulta/recuperaMfnCompleto.php?menu=rapida&CdMFN=367328;false;false
Pâmela Carolina Vieira;Questmeter : ferramenta de quiz com conceitos de clickers e gamificação;2019;Ciência da Computação;Universidade Regional de Blumenau;Trabalho de conclusão de curso de graduação;Dalton Solano dos Reis;https://bu.furb.br/consulta/portalConsulta/recuperaMfnCompleto.php?menu=rapida&CdMFN=366791;false;false
Rafael de Moura Pacheco;Tagarela : aplicativo para comunicação alternativa usando arquitetura baseada em componentes;2019;Sistemas de Informação;Universidade Regional de Blumenau;Trabalho de conclusão de curso de graduação;Dalton Solano dos Reis;https://bu.furb.br/consulta/portalConsulta/recuperaMfnCompleto.php?menu=rapida&CdMFN=367337;false;false
Rafael Diegoli;Listar : biblioteca para listagem de objetos e interface de usuário em realidade aumentada;2019;Ciência da Computação;Universidade Regional de Blumenau;Trabalho de conclusão de curso de graduação;Dalton Solano dos Reis;https://bu.furb.br/consulta/portalConsulta/recuperaMfnCompleto.php?menu=rapida&CdMFN=366792;false;false
Rafael Lopes Escobar;Aplicativo para reconhecimento de curvas de nível e geração de relevo 3D;2019;Ciência da Computação;Universidade Regional de Blumenau;Trabalho de conclusão de curso de graduação;Dalton Solano dos Reis;https://bu.furb.br/consulta/portalConsulta/recuperaMfnCompleto.php?menu=rapida&CdMFN=366793;false;false
William Lopes da Silva;Black glasses : assistente para deficientes visuais via geolocalização;2019;Ciência da Computação;Universidade Regional de Blumenau;Trabalho de conclusão de curso de graduação;Dalton Solano dos Reis;https://bu.furb.br/consulta/portalConsulta/recuperaMfnCompleto.php?menu=rapida&CdMFN=367333;false;false
Rafael dos Santos Rodrigues;Jogo da memória : desenvolvimento de skill com conceitos do jogo Genius;2021;Sistemas de Informação;Universidade Regional de Blumenau;Trabalho de conclusão de curso de graduação;Dalton Solano dos Reis;https://bu.furb.br/consulta/portalConsulta/recuperaMfnCompleto.php?menu=rapida&CdMFN=369888;false;false
Gabriel Luís Fernando Vieira de Souza;Desenvolvimento de uma biblioteca para o uso do sensor LiDAR em dispositivos iOS;2022;Ciência da Computação;Universidade Regional de Blumenau;Trabalho de conclusão de curso de graduação;Dalton Solano dos Reis;https://bu.furb.br/consulta/portalConsulta/recuperaMfnCompleto.php?menu=rapida&CdMFN=369876;false;false
Guilherme Barth;Aplicativo móvel para auxiliar na orientação de pessoas com deficiência visual utilizando o sensor LiDAR e o ML Kit;2022;Ciência da Computação;Universidade Regional de Blumenau;Trabalho de conclusão de curso de graduação;Dalton Solano dos Reis;https://bu.furb.br/consulta/portalConsulta/recuperaMfnCompleto.php?menu=rapida&CdMFN=369848;false;false
Matheus Mahnke;Arquitetura para navegação autônoma utilizando drones;2022;Ciência da Computação;Universidade Regional de Blumenau;Trabalho de conclusão de curso de graduação;Dalton Solano dos Reis;https://bu.furb.br/consulta/portalConsulta/recuperaMfnCompleto.php?menu=rapida&CdMFN=369880;false;false
Matheus Soares Lima;Explorahabitat : um projeto para auxiliar as saídas a campo dos clubes de ciências;2022;Ciência da Computação;Universidade Regional de Blumenau;Trabalho de conclusão de curso de graduação;Dalton Solano dos Reis;https://bu.furb.br/consulta/portalConsulta/recuperaMfnCompleto.php?menu=rapida&CdMFN=369887;false;false
